sample_id,ticker,agent,claim,evidence,human_material_alpha_fit,human_expected_alpha_id,human_alpha_confidence,human_polarity,human_review_note
holdout5-001,AMD,aggressive_risk_analyst,"These analysts are seeing something in the forward order book, in the hyperscaler spending commitments, and in AMD's competitive positioning that justifies dramatically higher price targets.","These analysts are seeing something in the forward order book, in the hyperscaler spending commitments, and in AMD's competitive positioning that justifies dramatically higher price targets.",true,A103,medium,supports_alpha,Hyperscaler spending commitments and forward order book directly reference AI infrastructure buildout demand supporting AMD.
holdout5-002,AMD,bear_researcher,Think about what happened this week.,Think about what happened this week.,false,NONE,high,,Purely transitional phrase; no economic mechanism or substantive content present.
holdout5-003,AMD,bear_researcher,AMD's entire bull case rests on continued hyperscaler AI infrastructure spending.,AMD's entire bull case rests on continued hyperscaler AI infrastructure spending.,true,A103,high,supports_alpha,"Explicitly states AMD bull case depends on continued hyperscaler AI infrastructure spending, directly naming the A103 mechanism."
holdout5-004,AMD,conservative_risk_analyst,One inventory write-down like the one that caused AMD's Q2 2025 gross margins to crater to 39.8 percent and operating income to turn negative would not just miss the quarter.,One inventory write-down like the one that caused AMD's Q2 2025 gross margins to crater to 39.8 percent and operating income to turn negative would not just miss the quarter.,true,A304,medium,supports_alpha,"Inventory write-down causing margin collapse and negative operating income signals downside risk to fundamentals, supporting multiple compression thesis."
holdout5-005,AMD,conservative_risk_analyst,"This is not independent fundamental research arriving at $1,250 through bottom-up earnings modeling.","This is not independent fundamental research arriving at $1,250 through bottom-up earnings modeling.",true,A601,medium,supports_alpha,"Implies price targets are narrative/sentiment-driven rather than fundamental, directly invoking reflexive attention-flow mechanism of A601."
holdout5-006,AMD,market_agent,The stock has experienced significant volatility over the past 12 weeks:,The stock has experienced significant volatility over the past 12 weeks:,false,NONE,high,,Generic statement about stock volatility; no canonical Alpha mechanism materially present.
holdout5-007,AMD,neutral_risk_analyst,To the aggressive analyst first.,To the aggressive analyst first.,false,NONE,high,,Transitional introductory phrase only; no substantive economic mechanism expressed.
holdout5-008,AMD,news_agent,"Baird doubled its price target on AMD to $1,250","Baird doubled its price target on AMD to $1,250",false,NONE,high,,"Analyst price target action alone; no causal economic mechanism stated, only a target number."
holdout5-009,AMD,portfolio_manager,Time horizon is 6–12 months.,Time horizon is 6–12 months.,false,NONE,high,,Time horizon disclosure only; no Alpha mechanism present.
holdout5-010,AMD,portfolio_manager,Downgrade to Underweight/Sell if gross margins revert toward 40% territory or confirmed hyperscaler capex reduction (not moderation) affects AMD's order book.,Downgrade to Underweight/Sell if gross margins revert toward 40% territory or confirmed hyperscaler capex reduction (not moderation) affects AMD's order book.,true,A103,medium,mentions_alpha,"Downgrade triggers reference hyperscaler capex reduction affecting order book, discussing AI infrastructure mechanism without clear directional stance."
holdout5-011,AMD,research_manager,"And the 200-day SMA mean-reversion argument ignores that lagging indicators tell you where the stock was, not where a fundamentally re-rated business should be.","And the 200-day SMA mean-reversion argument ignores that lagging indicators tell you where the stock was, not where a fundamentally re-rated business should be.",false,NONE,high,,"Argues against 200-day SMA mean-reversion; technical indicator critique only, no canonical Alpha mechanism."
holdout5-012,AMD,sentiment_agent,Bearish/cautionary unlabeled highlights (high-signal despite no tag):,Bearish/cautionary unlabeled highlights (high-signal despite no tag):,false,NONE,high,,Section header with no substantive content; no canonical Alpha mechanism present.
holdout5-013,AMD,bear_researcher,"The bull calls this ""a feature."" I call it a warning sign that AMD's premium is based on hope, not proven market share.","The bull calls this ""a feature."" I call it a warning sign that AMD's premium is based on hope, not proven market share.",true,A304,medium,supports_alpha,AMD premium based on hope not proven share; valuation risk without fundamental justification supports multiple compression thesis.
holdout5-014,AMD,bear_researcher,"The bull says ""buy the correction."" I say: with this volatility, you're not buying a correction, you're buying a lottery ticket.","The bull says ""buy the correction."" I say: with this volatility, you're not buying a correction, you're buying a lottery ticket.",false,NONE,medium,,Generic bearish sentiment about volatility and risk; no specific canonical Alpha mechanism expressed.
holdout5-015,AMD,bear_researcher,The margin for error is razor-thin.,The margin for error is razor-thin.,false,NONE,high,,Generic cautionary statement with no causal or economic mechanism; too vague for any Alpha.
holdout5-016,AMD,bull_researcher,"Microsoft Announcement: Baird's 155% upside target hinges on a ""surprise Microsoft announcement"" — a potential game-changer.","Microsoft Announcement: Baird's 155% upside target hinges on a ""surprise Microsoft announcement"" — a potential game-changer.",true,A301,medium,supports_alpha,Baird upside target hinges on potential Microsoft partnership announcement as a demand/revenue catalyst for AMD.
holdout5-017,AMD,bull_researcher,"The market is paying a premium for growth, but it's a growth-adjusted fair value.","The market is paying a premium for growth, but it's a growth-adjusted fair value.",true,A304,low,mentions_alpha,Market paying growth premium but framed as fair value; discusses valuation without clear supportive or opposing stance.
holdout5-018,AMD,conservative_risk_analyst,"The RSI at 47.00 is below the 50 midline, which is not a sign of strength; it is a sign of a market that is struggling to find buyers.","The RSI at 47.00 is below the 50 midline, which is not a sign of strength; it is a sign of a market that is struggling to find buyers.",false,NONE,high,,"RSI reading below 50 midline; technical indicator only, no canonical Alpha mechanism present."
holdout5-019,AMD,fundamental_agent,Category: Profitability; Metric: EPS (TTM); Value: $3.01; Assessment: Doubled YoY,Category: Profitability; Metric: EPS (TTM); Value: $3.01; Assessment: Doubled YoY,true,A301,medium,supports_alpha,"EPS doubled year-over-year signals strong profitability growth, supporting revenue expansion and earnings revision thesis."
holdout5-020,AMD,market_agent,"Bollinger: Middle $515.67, Upper $584.41, Lower $446.93","Bollinger: Middle $515.67, Upper $584.41, Lower $446.93",false,NONE,high,,Bollinger Band price levels only; pure technical indicator data with no canonical Alpha mechanism.
holdout5-021,AMD,market_agent,"MACD is deeply negative, though the histogram is decelerating.","MACD is deeply negative, though the histogram is decelerating.",false,NONE,high,,Pure technical indicator reading; no canonical Alpha mechanism present
holdout5-022,AMD,neutral_risk_analyst,That catalyst is the earnings event on August 4.,That catalyst is the earnings event on August 4.,false,NONE,high,,Generic event calendar reference; no causal Alpha mechanism expressed
holdout5-023,AMD,portfolio_manager,"The prudent action is to hold the existing position, respect the binary nature of the event, and build exposure only at a level that offers a genuine margin of safety post-earnings.","The prudent action is to hold the existing position, respect the binary nature of the event, and build exposure only at a level that offers a genuine margin of safety post-earnings.",false,NONE,high,,Portfolio risk management advice around binary event; no canonical Alpha mechanism
holdout5-024,AMD,research_manager,This aligns with the critical support level identified in the debate.,This aligns with the critical support level identified in the debate.,false,NONE,high,,Technical support level reference only; no canonical Alpha mechanism present
holdout5-025,AMD,research_manager,10-Year Treasury Yield: A sustained move higher would increase pressure on the stock's multiple.,10-Year Treasury Yield: A sustained move higher would increase pressure on the stock's multiple.,true,A304,high,supports_alpha,Rising 10-year yield increasing pressure on stock multiple directly expresses multiple compression thesis
holdout5-026,GOOGL,aggressive_risk_analyst,"The sentiment data confirms the pivot: the dominant theme across news, StockTwits, and Reddit is that ""AI capex is paying off,"" and Amazon's earnings ""confirmed"" it.","The sentiment data confirms the pivot: the dominant theme across news, StockTwits, and Reddit is that ""AI capex is paying off,"" and Amazon's earnings ""confirmed"" it.",true,A601,high,supports_alpha,Dominant theme spreading across media and social platforms driving narrative shift; attention-flows mechanism present
holdout5-027,GOOGL,aggressive_risk_analyst,"Let me be direct with my colleagues on the other side of this table, because I think the conservative and neutral perspectives are dangerously anchored to a rearview mirror while the road ahead is wide open.","Let me be direct with my colleagues on the other side of this table, because I think the conservative and neutral perspectives are dangerously anchored to a rearview mirror while the road ahead is wide open.",false,NONE,high,,Generic rhetorical framing of debate positions; no canonical Alpha mechanism expressed
holdout5-028,GOOGL,bear_researcher,"The Narrative Is Not Shifting — It's Fracturing: The sentiment report shows a 7.2/10 bullish score, but that's driven by retail exuberance on StockTwits (9 bullish vs 2 bearish labeled posts).","The Narrative Is Not Shifting — It's Fracturing: The sentiment report shows a 7.2/10 bullish score, but that's driven by retail exuberance on StockTwits (9 bullish vs 2 bearish labeled posts).",true,A601,medium,mentions_alpha,Discusses retail-driven sentiment score and narrative fracturing; attention-flows mechanism present but contested
holdout5-029,GOOGL,bull_researcher,"The Narrative Is Shifting: The sentiment data is clear: the ""capex punishment"" narrative is fading.","The Narrative Is Shifting: The sentiment data is clear: the ""capex punishment"" narrative is fading.",true,A601,high,supports_alpha,Narrative pivot from capex punishment to capex payoff directly expresses attention-driven narrative momentum mechanism
holdout5-030,GOOGL,bull_researcher,Gemini Pro Release: 91% probability of a major model release by August 31.,Gemini Pro Release: 91% probability of a major model release by August 31.,true,A101,medium,supports_alpha,Major AI model release probability supports AI expansion and adoption demand thesis
holdout5-031,GOOGL,bull_researcher,"The bear case rests on three pillars: a single quarter of negative FCF, a narrow AI benchmark race, and a forward P/E that is actually reasonable when adjusted for growth.","The bear case rests on three pillars: a single quarter of negative FCF, a narrow AI benchmark race, and a forward P/E that is actually reasonable when adjusted for growth.",true,A304,medium,opposes_alpha,"Forward P/E described as reasonable adjusted for growth, undermining multiple compression thesis"
holdout5-032,GOOGL,conservative_risk_analyst,"On the ""standing still is being short"" argument: This is the most reckless statement in the aggressive case.","On the ""standing still is being short"" argument: This is the most reckless statement in the aggressive case.",false,NONE,high,,Rhetorical critique of investment argument; no canonical Alpha mechanism materially present
holdout5-033,GOOGL,conservative_risk_analyst,"The claim that ""CapEx is causing that revenue growth"" is an assertion, not a proven fact.","The claim that ""CapEx is causing that revenue growth"" is an assertion, not a proven fact.",false,NONE,high,,Epistemological critique of capex-revenue causation claim; no canonical Alpha mechanism expressed
holdout5-034,GOOGL,conservative_risk_analyst,"The data shows revenue growth of 24% YoY, but it also shows normalized earnings flat at $32B for three consecutive quarters.","The data shows revenue growth of 24% YoY, but it also shows normalized earnings flat at $32B for three consecutive quarters.",true,A301,medium,mentions_alpha,Revenue growth strong at 24% YoY but normalized earnings flat; mixed signal on revenue expansion thesis
holdout5-035,GOOGL,fundamental_agent,"The normalized income for Q2 2026 was $32.23 billion, which is more representative of underlying operating performance.","The normalized income for Q2 2026 was $32.23 billion, which is more representative of underlying operating performance.",false,NONE,high,,Accounting normalization note; no causal Alpha mechanism materially expressed
holdout5-036,GOOGL,fundamental_agent,"Growth trajectory: Revenue grew from $282.8B (FY2022) to $402.8B (FY2025), a CAGR of approximately 12.5%.","Growth trajectory: Revenue grew from $282.8B (FY2022) to $402.8B (FY2025), a CAGR of approximately 12.5%.",true,A301,medium,supports_alpha,Multi-year revenue CAGR of 12.5% materially supports revenue expansion thesis
holdout5-037,GOOGL,fundamental_agent,"The debt-to-equity ratio of 18.9 (as reported) reflects the recent debt issuance, though this remains manageable given the company's cash flows.","The debt-to-equity ratio of 18.9 (as reported) reflects the recent debt issuance, though this remains manageable given the company's cash flows.",false,NONE,high,,Balance sheet leverage comment; no canonical Alpha mechanism materially present
holdout5-038,GOOGL,neutral_risk_analyst,The ATR of 12.11 signals elevated volatility.,The ATR of 12.11 signals elevated volatility.,false,NONE,high,,ATR volatility metric only; no canonical Alpha causal mechanism expressed
holdout5-039,GOOGL,neutral_risk_analyst,"The downside is protected by a fortress balance sheet—$242B in cash, a current ratio of 2.72, and a 200-day SMA that has held as support.","The downside is protected by a fortress balance sheet—$242B in cash, a current ratio of 2.72, and a 200-day SMA that has held as support.",false,NONE,high,,"Balance sheet strength and 200-day SMA support; technical and liquidity background only, no Alpha mechanism"
holdout5-040,GOOGL,aggressive_risk_analyst,"When retail is clinging to a stale Berkshire headline and the measured investor community has nothing to say, that is a sign of distribution, not accumulation.","When retail is clinging to a stale Berkshire headline and the measured investor community has nothing to say, that is a sign of distribution, not accumulation.",true,A601,medium,mentions_alpha,"Retail clinging to stale narrative, institutional silence signals distribution; narrative/attention flow mechanism present but direction ambiguous"
holdout5-041,GOOGL,bear_researcher,So even the world's best investor is currently underwater on this position.,So even the world's best investor is currently underwater on this position.,false,NONE,high,,Generic anecdote about investor being underwater; no canonical Alpha mechanism present.
holdout5-042,GOOGL,bull_researcher,"The negative FCF is entirely due to the deliberate, strategic decision to invest $44.92 billion in CapEx during the quarter.","The negative FCF is entirely due to the deliberate, strategic decision to invest $44.92 billion in CapEx during the quarter.",true,A103,medium,supports_alpha,Massive $44.92B quarterly CapEx explicitly framed as strategic AI infrastructure investment.
holdout5-043,GOOGL,bull_researcher,The bear is looking at the rearview mirror while Alphabet is flooring the accelerator into the AI future.,The bear is looking at the rearview mirror while Alphabet is flooring the accelerator into the AI future.,false,NONE,medium,,Generic bullish rhetoric about AI future; no specific causal mechanism materially expressed.
holdout5-044,GOOGL,fundamental_agent,"Valuation Risk: At $4.22T market cap with forward P/E of 23.4x, the market is pricing in continued high growth.","Valuation Risk: At $4.22T market cap with forward P/E of 23.4x, the market is pricing in continued high growth.",true,A304,high,supports_alpha,Explicitly cites $4.22T market cap and 23.4x forward P/E as valuation risk with high-growth expectations baked in.
holdout5-045,GOOGL,market_agent,"This indicates that the momentum recovery from the July crash has stalled, and downside momentum is reasserting.","This indicates that the momentum recovery from the July crash has stalled, and downside momentum is reasserting.",false,NONE,high,,Pure technical momentum signal only; no canonical Alpha causal mechanism present.
holdout5-046,GOOGL,market_agent,"The VWMA (volume-weighted moving average) is at $353.39, which is above the current price ($345.33).","The VWMA (volume-weighted moving average) is at $353.39, which is above the current price ($345.33).",false,NONE,high,,VWMA vs price comparison is pure technical indicator; no canonical Alpha mechanism.
holdout5-047,GOOGL,neutral_risk_analyst,CapEx of $44.92B in a single quarter is now outpacing operating cash flow of $39.07B.,CapEx of $44.92B in a single quarter is now outpacing operating cash flow of $39.07B.,true,A103,medium,mentions_alpha,CapEx outpacing operating cash flow flags AI infrastructure spending scale; no clear net directional stance.
holdout5-048,GOOGL,research_manager,"The bull frames the negative free cash flow (FCF) as a deliberate, strategic investment in AI infrastructure, a necessary cost for future dominance.","The bull frames the negative free cash flow (FCF) as a deliberate, strategic investment in AI infrastructure, a necessary cost for future dominance.",true,A103,medium,supports_alpha,Negative FCF explicitly reframed as deliberate strategic AI infrastructure investment for future dominance.
holdout5-049,GOOGL,research_manager,"The Bear's Core Argument: The bear case is built on a forensic analysis of earnings quality, financial trajectory, and technical signals.","The Bear's Core Argument: The bear case is built on a forensic analysis of earnings quality, financial trajectory, and technical signals.",false,NONE,high,,Meta-description of a bear case structure; no specific Alpha mechanism materially expressed.
holdout5-050,GOOGL,sentiment_agent,"Scam/negative noise: A crypto trader reportedly lost $550,000 to a Google ad phishing scam — minor reputational noise, not material.","Scam/negative noise: A crypto trader reportedly lost $550,000 to a Google ad phishing scam — minor reputational noise, not material.",false,NONE,high,,Minor reputational noise explicitly flagged as non-material; no canonical Alpha mechanism.
holdout5-051,MSFT,aggressive_risk_analyst,"Operating cash flow is a record $182.9 billion, up 34%.","Operating cash flow is a record $182.9 billion, up 34%.",true,A301,medium,supports_alpha,Record operating cash flow up 34% signals strong revenue/earnings expansion supporting A301 thesis.
holdout5-052,MSFT,bear_researcher,This is a misreading of the situation.,This is a misreading of the situation.,false,NONE,high,,Purely rhetorical statement with no causal or economic mechanism expressed.
holdout5-053,MSFT,fundamental_agent,Category: Growth; Metric: Net Income (FY26); Value: $133.7B; Assessment: +31.3% YoY,Category: Growth; Metric: Net Income (FY26); Value: $133.7B; Assessment: +31.3% YoY,true,A301,high,supports_alpha,Net income growth of 31.3% YoY directly supports revenue/earnings expansion thesis.
holdout5-054,MSFT,fundamental_agent,Category: Profitability; Metric: ROE; Value: 34.0%; Assessment: Exceptional,Category: Profitability; Metric: ROE; Value: 34.0%; Assessment: Exceptional,false,NONE,medium,,ROE metric is a profitability descriptor; no specific canonical Alpha causal mechanism expressed.
holdout5-055,MSFT,research_manager,"The bear also correctly flags that the forward P/E embeds a 31% EPS growth assumption, that FCF declined to $67B despite record OCF, and that the rising depreciation burden will compress the celebrated margins.","The bear also correctly flags that the forward P/E embeds a 31% EPS growth assumption, that FCF declined to $67B despite record OCF, and that the rising depreciation burden will compress the celebrated margins.",true,A304,high,supports_alpha,Forward P/E embedding 31% EPS growth assumption and FCF decline highlight rich valuation and multiple compression risk.
holdout5-056,MSFT,aggressive_risk_analyst,"The macro ""headwind"" is a non-factor when a company is demonstrating this level of pricing power and operational leverage.","The macro ""headwind"" is a non-factor when a company is demonstrating this level of pricing power and operational leverage.",true,A501,medium,opposes_alpha,"Evidence dismisses macro headwinds as irrelevant given pricing power, opposing recession-risk concern for MSFT."
holdout5-057,MSFT,bear_researcher,"Amazon's Q2 beat showed its AI/chip businesses at a $25 billion run rate, and its cloud growth is ""shooting to the top of the cloud wars."" Google Cloud is aggressively discounting to win enterprise deals.","Amazon's Q2 beat showed its AI/chip businesses at a $25 billion run rate, and its cloud growth is ""shooting to the top of the cloud wars."" Google Cloud is aggressively discounting to win enterprise deals.",true,A101,high,supports_alpha,Amazon AI/chip businesses at $25B run rate and cloud competition directly reflect AI training and adoption demand mechanism.
holdout5-058,MSFT,bear_researcher,The 50-day SMA needs to cross above the 200-day SMA for a true golden cross.,The 50-day SMA needs to cross above the 200-day SMA for a true golden cross.,false,NONE,high,,Pure technical indicator (SMA golden cross); no canonical Alpha causal mechanism present.
holdout5-059,MSFT,bull_researcher,This is not a company growing at GDP pace.,This is not a company growing at GDP pace.,false,NONE,medium,,Generic qualitative growth assertion with no specific Alpha mechanism expressed.
holdout5-060,MSFT,bull_researcher,The company is generating more cash than ever before.,The company is generating more cash than ever before.,true,A301,medium,supports_alpha,Record cash generation supports revenue/earnings expansion thesis for MSFT.
holdout5-061,MSFT,fundamental_agent,Metric: Dividend Yield; Value: 0.81%; Context: Modest income component,Metric: Dividend Yield; Value: 0.81%; Context: Modest income component,false,NONE,high,,Dividend yield figure only; no canonical Alpha mechanism present
holdout5-062,MSFT,neutral_risk_analyst,It gives the position room to breathe while protecting against a genuine trend failure.,It gives the position room to breathe while protecting against a genuine trend failure.,false,NONE,high,,Generic trade management language; no canonical Alpha mechanism present
holdout5-063,MSFT,neutral_risk_analyst,The conservative analyst is right that the velocity of this move creates elevated pullback risk.,The conservative analyst is right that the velocity of this move creates elevated pullback risk.,false,NONE,high,,Technical pullback risk commentary only; no canonical Alpha mechanism materially expressed
holdout5-064,MSFT,neutral_risk_analyst,"Keep the stop at $430, not $440.","Keep the stop at $430, not $440.",false,NONE,high,,Stop-loss price level instruction only; no canonical Alpha mechanism present
holdout5-065,MSFT,neutral_risk_analyst,Execute the accumulation plan if price gives us the opportunity.,Execute the accumulation plan if price gives us the opportunity.,false,NONE,high,,Generic trade execution instruction; no canonical Alpha mechanism present
holdout5-066,MSFT,news_agent,The following is based on news and prediction market data.,The following is based on news and prediction market data.,false,NONE,high,,Methodological sourcing statement only; no canonical Alpha mechanism present
holdout5-067,MSFT,research_manager,This debate presents a classic clash between fundamental momentum and technical/structural risk.,This debate presents a classic clash between fundamental momentum and technical/structural risk.,false,NONE,high,,Meta-framing of a debate; no specific canonical Alpha mechanism materially expressed
holdout5-068,MSFT,research_manager,"The bull correctly identifies that the market is currently rewarding companies that can demonstrate a return on AI investment, and Microsoft's record cloud revenue is the strongest evidence of this.","The bull correctly identifies that the market is currently rewarding companies that can demonstrate a return on AI investment, and Microsoft's record cloud revenue is the strongest evidence of this.",true,A301,medium,supports_alpha,Record cloud revenue demonstrating AI investment returns supports revenue expansion thesis
holdout5-069,MSFT,sentiment_agent,"Signal: Retail momentum / big wins; Direction: Bullish; Source: Reddit; Supporting Evidence: $1M gain, $700K profit, $130K quick win posts","Signal: Retail momentum / big wins; Direction: Bullish; Source: Reddit; Supporting Evidence: $1M gain, $700K profit, $130K quick win posts",true,A601,medium,supports_alpha,Reddit retail momentum and crowded win-posting reflect narrative/attention-driven flows mechanism
holdout5-070,MSFT,aggressive_risk_analyst,The 92% earnings beat probability sitting on prediction markets is real.,The 92% earnings beat probability sitting on prediction markets is real.,true,A301,medium,supports_alpha,92% earnings beat probability on prediction markets supports revenue/EPS beat expectation thesis
holdout5-071,MSFT,bear_researcher,"If you're spending $120B+ per year on infrastructure that may or may not generate commensurate returns, operating cash flow is not the right metric.","If you're spending $120B+ per year on infrastructure that may or may not generate commensurate returns, operating cash flow is not the right metric.",true,A103,medium,mentions_alpha,Questions whether $120B+ infrastructure capex generates commensurate returns; directly discusses AI infrastructure buildout ROI without clear net stance.
holdout5-072,MSFT,conservative_risk_analyst,"With 85% probability of no cuts in 2026 and the dollar at a one-month high, the discount rate environment does not support multiple expansion for any growth stock, including Microsoft.","With 85% probability of no cuts in 2026 and the dollar at a one-month high, the discount rate environment does not support multiple expansion for any growth stock, including Microsoft.",true,A001,high,opposes_alpha,85% no-cut probability and high dollar explicitly state discount rate environment does not support multiple expansion for growth stocks.
holdout5-073,MSFT,news_agent,"Report compiled on July 27, 2026.","Report compiled on July 27, 2026.",false,NONE,high,,Report date only; no economic mechanism or Alpha thesis present.
holdout5-074,MSFT,portfolio_manager,"The $50.9B deferred revenue backlog represents contracted, Microsoft-specific demand won in a competitive market — the conservative analyst's counterpoint that it is a lagging indicator is valid, but it still proves Azure is winning in a competitive environment, not merely that demand exists in aggregate.","The $50.9B deferred revenue backlog represents contracted, Microsoft-specific demand won in a competitive market — the conservative analyst's counterpoint that it is a lagging indicator is valid, but it still proves Azure is winning in a competitive environment, not merely that demand exists in aggregate.",true,A301,medium,supports_alpha,"Deferred revenue backlog evidences contracted Azure demand won competitively, supporting revenue expansion thesis."
holdout5-075,MSFT,research_manager,"Rationale: This was a high-quality, substantive debate, and both sides landed real blows.","Rationale: This was a high-quality, substantive debate, and both sides landed real blows.",false,NONE,high,,Meta-commentary on debate quality; no causal or economic Alpha mechanism present.
holdout5-076,MU,aggressive_risk_analyst,I'm not going to pretend those signals don't exist.,I'm not going to pretend those signals don't exist.,false,NONE,high,,Vague acknowledgment of unspecified signals; no identifiable Alpha mechanism present.
holdout5-077,MU,aggressive_risk_analyst,You do not abandon structurally sound positions because of a pullback that occurred after a 130% rally in eight weeks.,You do not abandon structurally sound positions because of a pullback that occurred after a 130% rally in eight weeks.,false,NONE,medium,,Portfolio holding advice after a rally and pullback; no canonical Alpha causal mechanism materially expressed.
holdout5-078,MU,aggressive_risk_analyst,"That stop defines your maximum loss on the initial tranche at roughly 13.6% from entry, and given the portfolio-level sizing, that caps total portfolio drawdown at 0.5 to 0.7%.","That stop defines your maximum loss on the initial tranche at roughly 13.6% from entry, and given the portfolio-level sizing, that caps total portfolio drawdown at 0.5 to 0.7%.",false,NONE,high,,Position sizing and stop-loss risk management detail only; no Alpha economic mechanism present.
holdout5-079,MU,aggressive_risk_analyst,You keep citing FY2023's $5.83 billion net loss as though it refutes the forward P/E case.,You keep citing FY2023's $5.83 billion net loss as though it refutes the forward P/E case.,true,A304,medium,mentions_alpha,Debate over forward P/E validity given historical losses directly discusses valuation multiple risk without clear net direction.
holdout5-080,MU,aggressive_risk_analyst,"Daryanani's warning is real, I'm not dismissing it.","Daryanani's warning is real, I'm not dismissing it.",false,NONE,high,,Vague acknowledgment of an unnamed analyst warning; no Alpha mechanism identifiable.
holdout5-081,MU,bear_researcher,"In FY2022, the industry was booming and companies were expanding.","In FY2022, the industry was booming and companies were expanding.",false,NONE,high,,Generic historical industry boom statement; no specific Alpha mechanism expressed
holdout5-082,MU,bull_researcher,Bull Analyst: # 🐂 The Bull Case for MU: Why This Pullback Is Your Generational Entry Point,Bull Analyst: # 🐂 The Bull Case for MU: Why This Pullback Is Your Generational Entry Point,false,NONE,high,,Promotional headline only; no causal or economic mechanism present
holdout5-083,MU,bull_researcher,"In nine months, stockholders' equity nearly doubled — from $54 billion to $100 billion.","In nine months, stockholders' equity nearly doubled — from $54 billion to $100 billion.",false,NONE,high,,Balance sheet metric only; no canonical Alpha mechanism materially expressed
holdout5-084,MU,conservative_risk_analyst,I want to push back on that directly because the data does not fully support that separation.,I want to push back on that directly because the data does not fully support that separation.,false,NONE,high,,Argumentative rebuttal with no specific mechanism or context to map to any Alpha
holdout5-085,MU,conservative_risk_analyst,"That is a momentum trough being tested, and the test is not resolved.","That is a momentum trough being tested, and the test is not resolved.",false,NONE,high,,Technical momentum language only; no canonical Alpha causal mechanism present
holdout5-086,MU,fundamental_agent,R&D investment is scaling up significantly but remains a small fraction of revenue due to revenue outpacing investment.,R&D investment is scaling up significantly but remains a small fraction of revenue due to revenue outpacing investment.,true,A301,medium,supports_alpha,Revenue outpacing R&D investment signals strong demand-driven revenue expansion with margin leverage
holdout5-087,MU,fundamental_agent,The company repaid $4.75B in debt in Q3 FY2026 alone.,The company repaid $4.75B in debt in Q3 FY2026 alone.,false,NONE,high,,Debt repayment is a balance sheet event; no canonical Alpha mechanism materially present
holdout5-088,MU,fundamental_agent,"Inventory has remained range-bound around $8.2–$8.7B throughout recent quarters despite explosive revenue, indicating exceptional sell-through rates with no inventory build-up risk.","Inventory has remained range-bound around $8.2–$8.7B throughout recent quarters despite explosive revenue, indicating exceptional sell-through rates with no inventory build-up risk.",true,A201,high,supports_alpha,"Stable inventory despite explosive revenue indicates healthy sell-through, supporting semiconductor cycle upturn thesis"
holdout5-089,MU,neutral_risk_analyst,"Now, your HBM quarantine argument is where I think you're on genuinely shaky ground.","Now, your HBM quarantine argument is where I think you're on genuinely shaky ground.",false,NONE,high,,Argumentative fragment referencing HBM quarantine with no substantive mechanism elaborated
holdout5-090,MU,neutral_risk_analyst,You will have paid for confirmation in the form of a 2 to 5% higher entry price.,You will have paid for confirmation in the form of a 2 to 5% higher entry price.,false,NONE,high,,Trading entry cost commentary only; no canonical Alpha mechanism present
holdout5-091,MU,neutral_risk_analyst,"You're trading one risk for another, and you haven't fully accounted for the cost of being wrong in both directions.","You're trading one risk for another, and you haven't fully accounted for the cost of being wrong in both directions.",false,NONE,high,,Generic risk-management observation; no canonical Alpha mechanism present.
holdout5-092,MU,neutral_risk_analyst,"The solution to binary event risk is position sizing, not abstention.","The solution to binary event risk is position sizing, not abstention.",false,NONE,high,,Portfolio sizing advice only; no canonical Alpha causal mechanism expressed.
holdout5-093,MU,neutral_risk_analyst,"You maintain the stop at $803 on a weekly close basis, which the data fully supports as the structurally appropriate risk boundary.","You maintain the stop at $803 on a weekly close basis, which the data fully supports as the structurally appropriate risk boundary.",false,NONE,high,,Technical stop-loss level only; no canonical Alpha mechanism present.
holdout5-094,MU,news_agent,"This positions MU competitively in the AI memory race, where HBM chips command premium pricing and tight supply.","This positions MU competitively in the AI memory race, where HBM chips command premium pricing and tight supply.",true,A201,high,supports_alpha,HBM chips at premium pricing and tight supply directly expresses semiconductor supercycle demand/pricing thesis.
holdout5-095,MU,news_agent,The Korea selloff signals that institutional investors in the memory supply chain are expressing serious concern about forward demand/supply dynamics.,The Korea selloff signals that institutional investors in the memory supply chain are expressing serious concern about forward demand/supply dynamics.,true,A201,medium,opposes_alpha,Institutional selloff citing forward demand/supply concern weakens semiconductor supercycle thesis for memory.
holdout5-096,MU,portfolio_manager,"The technical picture counsels against maximum initial sizing, not abstention.","The technical picture counsels against maximum initial sizing, not abstention.",false,NONE,high,,Position sizing guidance based on technical picture; no canonical Alpha mechanism.
holdout5-097,MU,portfolio_manager,Reserve the remaining 1.5–2% of target allocation for deployment contingent on explicit post-catalyst protocols: add aggressively to 4% on MACD crossover + two consecutive closes above $976 (bull case); add a measured 1% tranche to 3.5% on confirmed $848–$865 support hold on volume (mixed case); tighten to $848 stop and reduce to 1% stub if hyperscaler guidance is uniformly disappointing (bear case).,Reserve the remaining 1.5–2% of target allocation for deployment contingent on explicit post-catalyst protocols: add aggressively to 4% on MACD crossover + two consecutive closes above $976 (bull case); add a measured 1% tranche to 3.5% on confirmed $848–$865 support hold on volume (mixed case); tighten to $848 stop and reduce to 1% stub if hyperscaler guidance is uniformly disappointing (bear case).,false,NONE,high,,Technical trading protocols and MACD triggers only; no canonical Alpha causal mechanism.
holdout5-098,MU,sentiment_agent,Overall Sentiment: Mixed (Score: 4.2/10) Confidence: Medium,Overall Sentiment: Mixed (Score: 4.2/10) Confidence: Medium,false,NONE,high,,Aggregate sentiment score label only; no canonical Alpha mechanism expressed.
holdout5-099,MU,sentiment_agent,"With 30 total messages, sample size is modest but workable; the 16 unlabeled messages contain important color.","With 30 total messages, sample size is modest but workable; the 16 unlabeled messages contain important color.",false,NONE,high,,Meta-commentary on dataset sample size; no canonical Alpha mechanism present.
holdout5-100,MU,sentiment_agent,"Retail is not capitulating, but not piling in either — this is a ""wait and see"" posture after a sharp drawdown.","Retail is not capitulating, but not piling in either — this is a ""wait and see"" posture after a sharp drawdown.",false,NONE,medium,,Retail positioning described as neutral wait-and-see; insufficient narrative/flow mechanism for A601.
holdout5-101,NVDA,bear_researcher,That's $100+ billion in incremental annual revenue on top of the $215.94 billion base.,That's $100+ billion in incremental annual revenue on top of the $215.94 billion base.,true,A301,medium,supports_alpha,Incremental $100B+ revenue on top of $215.94B base directly supports revenue expansion thesis.
holdout5-102,NVDA,bear_researcher,✅ Inventory of $25.80 billion converts to revenue without write-downs,✅ Inventory of $25.80 billion converts to revenue without write-downs,true,A301,medium,supports_alpha,Clean inventory conversion to revenue without write-downs supports revenue expansion and demand strength.
holdout5-103,NVDA,bear_researcher,Microsoft is reportedly developing Maia internally.,Microsoft is reportedly developing Maia internally.,false,NONE,medium,,Single mention of Microsoft Maia development; no causal mechanism expressed for any canonical Alpha.
holdout5-104,NVDA,bull_researcher,The inventory increase maps almost perfectly to the production ramp timeline.,The inventory increase maps almost perfectly to the production ramp timeline.,false,NONE,medium,,Production ramp timeline observation; no canonical Alpha mechanism materially expressed.
holdout5-105,NVDA,bull_researcher,The alarm requires evidence of demand deceleration.,The alarm requires evidence of demand deceleration.,false,NONE,medium,,Generic conditional statement about demand deceleration; no substantive Alpha mechanism present.
holdout5-106,NVDA,conservative_risk_analyst,"Conservative Analyst: Let me be precise about where we are in this debate, because both my colleagues have made their most sophisticated arguments and I think the moment calls for an equally precise response rather than a retreat to generalities.","Conservative Analyst: Let me be precise about where we are in this debate, because both my colleagues have made their most sophisticated arguments and I think the moment calls for an equally precise response rather than a retreat to generalities.",false,NONE,high,,Meta-commentary about analytical debate; no canonical Alpha mechanism expressed.
holdout5-107,NVDA,conservative_risk_analyst,It is undeployed cash that has no mechanical relationship to the loss on the deployed position.,It is undeployed cash that has no mechanical relationship to the loss on the deployed position.,false,NONE,high,,Abstract statement about cash vs. deployed position; no canonical Alpha mechanism present.
holdout5-108,NVDA,conservative_risk_analyst,It does not protect you from gap risk.,It does not protect you from gap risk.,false,NONE,high,,Generic risk statement about gap risk; no canonical Alpha mechanism materially present.
holdout5-109,NVDA,fundamental_agent,"Analysis Date: July 30, 2026 | Exchange: NASDAQ (NMS) | Sector: Technology / Semiconductors","Analysis Date: July 30, 2026 | Exchange: NASDAQ (NMS) | Sector: Technology / Semiconductors",false,NONE,high,,Pure metadata header; no economic or causal mechanism expressed.
holdout5-110,NVDA,neutral_risk_analyst,But the question is not whether the reserve mechanically offsets the loss.,But the question is not whether the reserve mechanically offsets the loss.,false,NONE,high,,Abstract rhetorical statement about reserves and losses; no canonical Alpha mechanism present.
holdout5-111,NVDA,bear_researcher,That's a permanently lost market.,That's a permanently lost market.,false,NONE,high,,"Bare assertion with no mechanism, context, or causal detail present."
holdout5-112,NVDA,fundamental_agent,"Investing outflows surging: Q1 FY2027 saw $26.43B in investing activities, including $13.17B in business acquisitions and $26.58B in investment securities purchases — NVDA is deploying its massive cash war chest.","Investing outflows surging: Q1 FY2027 saw $26.43B in investing activities, including $13.17B in business acquisitions and $26.58B in investment securities purchases — NVDA is deploying its massive cash war chest.",false,NONE,medium,,Describes cash deployment into acquisitions and securities; no canonical Alpha mechanism materially expressed.
holdout5-113,NVDA,market_agent,"The 200-SMA is rising steadily (from $189.48 on June 17 to $192.21 today) and remains well below the current price, providing strong structural long-term support.","The 200-SMA is rising steadily (from $189.48 on June 17 to $192.21 today) and remains well below the current price, providing strong structural long-term support.",false,NONE,high,,Pure technical indicator (200-SMA support); no canonical Alpha mechanism present.
holdout5-114,NVDA,neutral_risk_analyst,The 200-SMA support is real.,The 200-SMA support is real.,false,NONE,high,,Bare technical support reference only; no canonical Alpha mechanism present.
holdout5-115,NVDA,neutral_risk_analyst,The stop loss that both analysts are effectively anchoring to at 192 is not a guaranteed floor.,The stop loss that both analysts are effectively anchoring to at 192 is not a guaranteed floor.,false,NONE,high,,"Commentary on stop-loss anchoring; purely technical framing, no canonical Alpha mechanism."
holdout5-116,NVDA,news_agent,Jefferies analysts are eyeing a potential AMD-Anthropic deal.,Jefferies analysts are eyeing a potential AMD-Anthropic deal.,true,A101,medium,mentions_alpha,AMD-Anthropic deal implies AI accelerator competition with NVDA; AI training/adoption mechanism implied but not elaborated.
holdout5-117,NVDA,trader,Position Sizing: 4–6% of a diversified equity portfolio (up to 8–10% for high-conviction growth portfolios).,Position Sizing: 4–6% of a diversified equity portfolio (up to 8–10% for high-conviction growth portfolios).,false,NONE,high,,Portfolio position sizing guidance only; no canonical Alpha mechanism expressed.
holdout5-118,NVDA,aggressive_risk_analyst,"On the ""Hawkish Macro"" and Valuation Risk: The 86% probability of no rate cuts in 2026 is a headwind, but you are treating it as a death knell.","On the ""Hawkish Macro"" and Valuation Risk: The 86% probability of no rate cuts in 2026 is a headwind, but you are treating it as a death knell.",true,A001,high,mentions_alpha,86% probability of no rate cuts in 2026 explicitly framed as valuation headwind; rate cut mechanism directly discussed without clear net direction.
holdout5-119,NVDA,bull_researcher,"This is a stock in an uptrend, not a stock on the verge of a breakdown.","This is a stock in an uptrend, not a stock on the verge of a breakdown.",false,NONE,high,,"Generic bullish trend assertion; technical momentum only, no canonical Alpha mechanism."
holdout5-120,NVDA,bull_researcher,Metric: Forward P/E; Value: 17.57x; Bull Signal: Undervalued for 85% growth,Metric: Forward P/E; Value: 17.57x; Bull Signal: Undervalued for 85% growth,true,A304,medium,opposes_alpha,17.57x forward P/E argued as undervalued relative to 85% growth; directly rebuts multiple compression thesis.
holdout5-121,NVDA,bear_researcher,"If you don't, don't chase it here.","If you don't, don't chase it here.",false,NONE,high,,Generic trading advice with no canonical Alpha mechanism present
holdout5-122,NVDA,market_agent,"This ATR level implies a reasonable daily trading range of roughly ±$7.50, which traders should factor into stop-loss placement and position sizing.","This ATR level implies a reasonable daily trading range of roughly ±$7.50, which traders should factor into stop-loss placement and position sizing.",false,NONE,high,,"ATR-based position sizing and stop-loss; purely technical risk management, no Alpha mechanism"
holdout5-123,NVDA,research_manager,"And the macro backdrop — no rate cuts in 2026, entrenched inflation, rising oil — is a real headwind for a 2.2 beta stock at a $5.27 trillion market cap.","And the macro backdrop — no rate cuts in 2026, entrenched inflation, rising oil — is a real headwind for a 2.2 beta stock at a $5.27 trillion market cap.",true,A001,high,opposes_alpha,"No rate cuts, entrenched inflation directly opposes A001 rate-cut tailwind for high-beta growth stock"
holdout5-124,NVDA,conservative_risk_analyst,"Let me address my colleagues directly, because the aggressive analyst's enthusiasm, while grounded in real fundamental strength, is precisely the kind of thinking that creates portfolio-destroying drawdowns.","Let me address my colleagues directly, because the aggressive analyst's enthusiasm, while grounded in real fundamental strength, is precisely the kind of thinking that creates portfolio-destroying drawdowns.",true,A304,medium,supports_alpha,Warns enthusiasm on strong fundamentals creates drawdown risk; supports multiple compression thesis
holdout5-125,NVDA,portfolio_manager,"Start with a smaller probing tranche (25-30% of target) and add on confirmed support holds, with a technically justified stop just below the support confluence at $187.","Start with a smaller probing tranche (25-30% of target) and add on confirmed support holds, with a technically justified stop just below the support confluence at $187.",false,NONE,high,,Technical position sizing and entry strategy; no canonical Alpha mechanism present
holdout5-126,QQQ,aggressive_risk_analyst,"The MACD histogram has improved from -4.98 to -2.56 in just two sessions, and the RSI has ripped from a near-oversold 32.43 to a neutral 45.12.","The MACD histogram has improved from -4.98 to -2.56 in just two sessions, and the RSI has ripped from a near-oversold 32.43 to a neutral 45.12.",false,NONE,high,,"MACD and RSI readings only; pure technical indicators, no canonical Alpha mechanism"
holdout5-127,QQQ,aggressive_risk_analyst,This is not a market in freefall; it is a market that has found its footing and is coiling for a move higher.,This is not a market in freefall; it is a market that has found its footing and is coiling for a move higher.,false,NONE,high,,Generic bullish technical language; no canonical Alpha causal mechanism present
holdout5-128,QQQ,bear_researcher,When the discount rate rises—and it is rising—the present value of those future earnings falls.,When the discount rate rises—and it is rising—the present value of those future earnings falls.,true,A001,high,opposes_alpha,Rising discount rate explicitly lowers present value of future earnings; directly opposes A001 thesis
holdout5-129,QQQ,bear_researcher,"This is not a tailwind; it is a two-sided coin, and you are only looking at one side.","This is not a tailwind; it is a two-sided coin, and you are only looking at one side.",false,NONE,medium,,Vague cautionary rhetoric with no identifiable canonical Alpha mechanism expressed
holdout5-130,QQQ,bear_researcher,"The 200-day SMA at $643.83 is the real floor, and we are 6.9% above it.","The 200-day SMA at $643.83 is the real floor, and we are 6.9% above it.",false,NONE,high,,"200-day SMA support level; purely technical indicator, no canonical Alpha mechanism"
holdout5-131,QQQ,bull_researcher,The prediction markets you cite (89% odds of no cuts) are backward-looking.,The prediction markets you cite (89% odds of no cuts) are backward-looking.,true,A001,low,mentions_alpha,References rate cut odds (89% no cuts) but dismisses market signal as backward-looking; mentions A001 mechanism without clear stance
holdout5-132,QQQ,bull_researcher,"I appreciate your thorough analysis, but I believe you are looking at the rearview mirror while the road ahead is wide open.","I appreciate your thorough analysis, but I believe you are looking at the rearview mirror while the road ahead is wide open.",false,NONE,high,,Generic metaphor about forward vs backward-looking view; no canonical Alpha mechanism expressed
holdout5-133,QQQ,bull_researcher,Amazon alone is spending $220 billion in 2026.,Amazon alone is spending $220 billion in 2026.,true,A103,high,supports_alpha,Amazon $220B capex spend in 2026 directly supports AI infrastructure buildout demand thesis
holdout5-134,QQQ,bull_researcher,The bear case is built on short-term technical noise and a stale macro narrative.,The bear case is built on short-term technical noise and a stale macro narrative.,false,NONE,high,,Generic dismissal of bear case as technical noise and stale narrative; no specific Alpha mechanism
holdout5-135,QQQ,conservative_risk_analyst,"The Verdict: A Cautious, Phased Approach is the Only Prudent Path","The Verdict: A Cautious, Phased Approach is the Only Prudent Path",false,NONE,high,,Editorial verdict label only; no causal or economic mechanism expressed
holdout5-136,QQQ,fundamental_agent,"The 52-week range spans from $551.68 (low) to $748.65 (high), representing a substantial 35.7% gain from the low.","The 52-week range spans from $551.68 (low) to $748.65 (high), representing a substantial 35.7% gain from the low.",false,NONE,high,,"52-week price range statistics only; technical price data, no canonical Alpha mechanism"
holdout5-137,QQQ,fundamental_agent,"Consumer Discretionary (e-commerce, streaming)","Consumer Discretionary (e-commerce, streaming)",false,NONE,high,,"Bare sector label fragment; no mechanism, thesis, or causal content present"
holdout5-138,QQQ,market_agent,"These cover trend (50/200 SMA, 10 EMA), momentum (MACD, RSI), volatility (Bollinger, ATR), and volume (VWMA) — four distinct dimensions without redundancy.","These cover trend (50/200 SMA, 10 EMA), momentum (MACD, RSI), volatility (Bollinger, ATR), and volume (VWMA) — four distinct dimensions without redundancy.",false,NONE,high,,"Pure technical indicator enumeration (SMA, MACD, RSI, Bollinger); no canonical Alpha mechanism"
holdout5-139,QQQ,market_agent,A break below would target the 200 SMA (643.83).,A break below would target the 200 SMA (643.83).,false,NONE,high,,Technical support/target level reference only; no canonical Alpha mechanism present
holdout5-140,QQQ,neutral_risk_analyst,"The Aggressive Analyst is betting on a ""Monday morning deal,"" but that is speculation, not analysis.","The Aggressive Analyst is betting on a ""Monday morning deal,"" but that is speculation, not analysis.",false,NONE,high,,Editorial critique of speculation vs analysis; no causal economic mechanism expressed
holdout5-141,QQQ,neutral_risk_analyst,"To mitigate this, we should not deploy the full 70% until the geopolitical situation is clearer.","To mitigate this, we should not deploy the full 70% until the geopolitical situation is clearer.",false,NONE,high,,Generic risk-management advice; no canonical Alpha mechanism present
holdout5-142,QQQ,neutral_risk_analyst,"The balanced path is to do both: buy, but buy smart.","The balanced path is to do both: buy, but buy smart.",false,NONE,high,,Generic investment strategy advice; no canonical Alpha mechanism present
holdout5-143,QQQ,news_agent,Factor: Market Technicals; Signal: Mixed/Bearish; Evidence: Barrons warns rally may be selling opp; Implication for QQQ: Caution on chasing,Factor: Market Technicals; Signal: Mixed/Bearish; Evidence: Barrons warns rally may be selling opp; Implication for QQQ: Caution on chasing,false,NONE,high,,Technical signals and generic caution only; no canonical Alpha mechanism present
holdout5-144,QQQ,news_agent,"This is a stock-picker's market within the index, and QQQ's heavy concentration in these mega-caps means single-stock earnings moves drive index-level volatility.","This is a stock-picker's market within the index, and QQQ's heavy concentration in these mega-caps means single-stock earnings moves drive index-level volatility.",false,NONE,high,,Index concentration and volatility observation; no canonical Alpha causal mechanism
holdout5-145,QQQ,news_agent,— Yes 8% (down -19pp).,— Yes 8% (down -19pp).,false,NONE,high,,Isolated statistic fragment with no context or Alpha mechanism
holdout5-146,QQQ,news_agent,"Net view: The AI earnings catalyst is powerful and has reignited the trade, but QQQ faces a genuine tug-of-war between AI-driven earnings momentum and a hawkish rate/yield backdrop.","Net view: The AI earnings catalyst is powerful and has reignited the trade, but QQQ faces a genuine tug-of-war between AI-driven earnings momentum and a hawkish rate/yield backdrop.",true,A101,medium,mentions_alpha,AI earnings catalyst explicitly cited as momentum driver but offset by hawkish rate backdrop; no clear net direction
holdout5-147,QQQ,sentiment_agent,"The dominant theme in the most recent messages is geopolitical risk: multiple posts reference a CBS report that the US and Israel are preparing ""one of the harshest bombing campaigns to date"" against Iranian energy infrastructure.","The dominant theme in the most recent messages is geopolitical risk: multiple posts reference a CBS report that the US and Israel are preparing ""one of the harshest bombing campaigns to date"" against Iranian energy infrastructure.",false,NONE,high,,Geopolitical risk narrative; no canonical Alpha economic mechanism present
holdout5-148,QQQ,sentiment_agent,This is the clearest cross-cutting theme.,This is the clearest cross-cutting theme.,false,NONE,high,,Vague reference with no substance or Alpha mechanism
holdout5-149,QQQ,sentiment_agent,"The result is a Mixed read with a slight lean toward caution on the short-term technical/geopolitical front, balanced against a constructive medium-term AI-fundamental backdrop.","The result is a Mixed read with a slight lean toward caution on the short-term technical/geopolitical front, balanced against a constructive medium-term AI-fundamental backdrop.",false,NONE,medium,,Mixed summary of technicals and AI fundamentals; no single dominant Alpha mechanism materially expressed
holdout5-150,QQQ,trader,"However, given the mixed technicals (price below 50-day SMA, negative MACD) and unquantified geopolitical risk, I endorse the plan's Overweight stance with gradual accumulation in tranches targeting the $680-$690 support zone rather than aggressive all-at-once buying.","However, given the mixed technicals (price below 50-day SMA, negative MACD) and unquantified geopolitical risk, I endorse the plan's Overweight stance with gradual accumulation in tranches targeting the $680-$690 support zone rather than aggressive all-at-once buying.",false,NONE,high,,Technical indicators and support levels only; no canonical Alpha causal mechanism present
holdout5-151,SNDK,bear_researcher,The company wrote off $1.83 billion of illusory value from its books when pricing deteriorated.,The company wrote off $1.83 billion of illusory value from its books when pricing deteriorated.,true,A304,medium,supports_alpha,Massive goodwill/asset writedown due to pricing deterioration signals rich valuation and multiple compression risk materializing.
holdout5-152,SNDK,bull_researcher,The bear will wave their hands at the technical chart and point to a 45% drawdown from the June peak.,The bear will wave their hands at the technical chart and point to a 45% drawdown from the June peak.,false,NONE,high,,Technical chart reference and drawdown only; no canonical Alpha mechanism expressed.
holdout5-153,SNDK,conservative_risk_analyst,The AI supercycle is a demand argument.,The AI supercycle is a demand argument.,true,A101,medium,mentions_alpha,References AI supercycle as a demand argument but no directional stance on the mechanism.
holdout5-154,SNDK,fundamental_agent,> ⚡ Key Insight: The forward P/E of 6x against TTM P/E of 43x signals the market anticipates enormous profit acceleration.,> ⚡ Key Insight: The forward P/E of 6x against TTM P/E of 43x signals the market anticipates enormous profit acceleration.,true,A304,high,mentions_alpha,Forward vs TTM P/E gap directly discusses valuation compression and anticipated earnings recovery; no clear directional stance.
holdout5-155,SNDK,market_agent,"May superspike: Reached $1,600 by May 8, $2,107 by June 15","May superspike: Reached $1,600 by May 8, $2,107 by June 15",false,NONE,high,,Price milestones only; no canonical Alpha causal mechanism present.
holdout5-156,SNDK,market_agent,"July 27: Catastrophic breakdown — closed at $1,278.23, losing 20.6% from the prior session's close of $1,610.33.","July 27: Catastrophic breakdown — closed at $1,278.23, losing 20.6% from the prior session's close of $1,610.33.",false,NONE,high,,Stock price drop event only; no canonical Alpha mechanism expressed.
holdout5-157,SNDK,market_agent,MACD below zero and below Signal line — bearish momentum sustained,MACD below zero and below Signal line — bearish momentum sustained,false,NONE,high,,MACD technical indicator only; no canonical Alpha causal mechanism present.
holdout5-158,SNDK,neutral_risk_analyst,"Part of that differential reflects the fact that SNDK had run significantly harder into the peak than MU did, and institutional rebalancing after a parabolic move often amplifies the correction on the way down regardless of relative fundamental merit.","Part of that differential reflects the fact that SNDK had run significantly harder into the peak than MU did, and institutional rebalancing after a parabolic move often amplifies the correction on the way down regardless of relative fundamental merit.",true,A304,medium,supports_alpha,Institutional rebalancing after parabolic move amplifying correction points to valuation air deflating; multiple compression thesis.
holdout5-159,SNDK,neutral_risk_analyst,"You can't cleanly separate the signal of ""institutions believe SNDK is more fundamentally exposed"" from the noise of ""SNDK had more air in the valuation to deflate."" Both are probably true simultaneously, and conflating them leads to overstating the structural impairment thesis.","You can't cleanly separate the signal of ""institutions believe SNDK is more fundamentally exposed"" from the noise of ""SNDK had more air in the valuation to deflate."" Both are probably true simultaneously, and conflating them leads to overstating the structural impairment thesis.",true,A304,medium,mentions_alpha,Explicitly discusses valuation air and multiple compression entangled with fundamental exposure; no clear net stance.
holdout5-160,SNDK,sentiment_agent,"Unlabeled messages lean bearish in tone: Multiple unlabeled posts convey frustration (""this is bullshit man.","Unlabeled messages lean bearish in tone: Multiple unlabeled posts convey frustration (""this is bullshit man.",false,NONE,high,,Generic bearish retail sentiment only; no canonical Alpha mechanism expressed.
holdout5-161,SNDK,sentiment_agent,"This is a genuine, informed question about relative exposure and implies sophisticated bears trying to understand SNDK's specific vulnerability.","This is a genuine, informed question about relative exposure and implies sophisticated bears trying to understand SNDK's specific vulnerability.",false,NONE,high,,Meta-commentary about analyst sophistication; no canonical Alpha mechanism expressed.
holdout5-162,SNDK,sentiment_agent,"Its shares jumped +466% on debut, rattling global memory peers.","Its shares jumped +466% on debut, rattling global memory peers.",false,NONE,high,,IPO price jump and peer reaction noted; no canonical Alpha causal mechanism materially present.
holdout5-163,SNDK,aggressive_risk_analyst,"The VWMA at $1,745 versus a close of $1,417 tells you that the average cost basis of positions established over the past 20 days is $327 per share underwater.","The VWMA at $1,745 versus a close of $1,417 tells you that the average cost basis of positions established over the past 20 days is $327 per share underwater.",false,NONE,high,,Technical VWMA cost-basis analysis only; no canonical Alpha mechanism present.
holdout5-164,SNDK,bear_researcher,"But here's the critical distinction the bull glosses over: AI data centers primarily drive demand for HBM and DRAM in inference engines, not NAND flash.","But here's the critical distinction the bull glosses over: AI data centers primarily drive demand for HBM and DRAM in inference engines, not NAND flash.",true,A101,high,opposes_alpha,AI datacenter demand drives HBM/DRAM not NAND; directly weakens AI expansion thesis for SNDK.
holdout5-165,SNDK,bull_researcher,The bear is right that the near-term momentum is negative and you don't want to catch a falling knife with no process.,The bear is right that the near-term momentum is negative and you don't want to catch a falling knife with no process.,false,NONE,high,,Generic bearish momentum commentary; no canonical Alpha causal mechanism materially expressed.
holdout5-166,SNDK,conservative_risk_analyst,"The Kioxia joint venture manufacturing concentration in Japan is described as an unpriced structural vulnerability, and I agree with that characterization.","The Kioxia joint venture manufacturing concentration in Japan is described as an unpriced structural vulnerability, and I agree with that characterization.",false,NONE,high,,Geographic manufacturing concentration risk; no canonical Alpha mechanism materially present.
holdout5-167,SNDK,fundamental_agent,"Key Insight: An operating margin of 70% for a computer hardware company is extraordinary and reflects the dramatic leverage in flash memory economics — when NAND prices surge, the cost structure (which largely consists of fixed manufacturing partnership costs) barely moves, while revenue can more than double.","Key Insight: An operating margin of 70% for a computer hardware company is extraordinary and reflects the dramatic leverage in flash memory economics — when NAND prices surge, the cost structure (which largely consists of fixed manufacturing partnership costs) barely moves, while revenue can more than double.",true,A301,medium,supports_alpha,NAND price surge driving extraordinary margin expansion directly supports revenue/earnings expansion thesis.
holdout5-168,SNDK,market_agent,"This indicates that the volume-weighted average cost of positions over the past 20 days is $1,745, meaning a majority of recent buyers are now sitting at a loss of $327 per share (-18.7%).","This indicates that the volume-weighted average cost of positions over the past 20 days is $1,745, meaning a majority of recent buyers are now sitting at a loss of $327 per share (-18.7%).",false,NONE,high,,Technical VWMA underwater cost-basis analysis only; no canonical Alpha mechanism present.
holdout5-169,SNDK,neutral_risk_analyst,You have interpreted that data in the most bearish way possible when a neutral reading of it is at least equally supportable.,You have interpreted that data in the most bearish way possible when a neutral reading of it is at least equally supportable.,false,NONE,high,,Meta-commentary on data interpretation bias; no canonical Alpha mechanism materially expressed.
holdout5-170,SNDK,neutral_risk_analyst,"Trim 20% of total position at current levels near $1,417 without waiting for the bounce, because the execution risk of waiting for a specific bounce level in a $207 ATR environment is real and the Conservative Analyst has identified it correctly.","Trim 20% of total position at current levels near $1,417 without waiting for the bounce, because the execution risk of waiting for a specific bounce level in a $207 ATR environment is real and the Conservative Analyst has identified it correctly.",false,NONE,high,,Position-sizing and execution risk advice; no canonical Alpha causal mechanism present.
holdout5-171,SNDK,neutral_risk_analyst,A stock split announcement at these price levels would be a genuine near-term sentiment catalyst.,A stock split announcement at these price levels would be a genuine near-term sentiment catalyst.,false,NONE,high,,Stock split sentiment catalyst; no canonical Alpha causal mechanism present
holdout5-172,SNDK,neutral_risk_analyst,You wave this away by saying that in strong downtrends price rides the lower band as a continuation signal.,You wave this away by saying that in strong downtrends price rides the lower band as a continuation signal.,false,NONE,high,,Technical Bollinger Band continuation signal only; no canonical Alpha mechanism
holdout5-173,SNDK,news_agent,"Macro indicator data from FRED was unavailable this session, but prediction market signals and news context provide strong directional guidance:","Macro indicator data from FRED was unavailable this session, but prediction market signals and news context provide strong directional guidance:",false,NONE,high,,Generic statement about data unavailability and directional guidance; no specific Alpha mechanism
holdout5-174,SNDK,portfolio_manager,"The Q1 FY2026 78.4% gross margin and $5.95B revenue quarter are cycle-peak outputs, not structural run-rates.","The Q1 FY2026 78.4% gross margin and $5.95B revenue quarter are cycle-peak outputs, not structural run-rates.",true,A304,medium,supports_alpha,"Cycle-peak margins and revenue flagged as unsustainable, implying multiple compression risk ahead"
holdout5-175,SNDK,portfolio_manager,The 200-day SMA at $782 confirms the macro structural uptrend remains intact.,The 200-day SMA at $782 confirms the macro structural uptrend remains intact.,false,NONE,high,,200-day SMA technical uptrend only; no canonical Alpha causal mechanism
holdout5-176,TSM,aggressive_risk_analyst,Final Verdict: The hold is a cowardly compromise.,Final Verdict: The hold is a cowardly compromise.,false,NONE,high,,Editorial opinion on analyst rating; no canonical Alpha mechanism expressed
holdout5-177,TSM,bear_researcher,"The Risks are Underappreciated: Apple diversification, Intel's resurgence, and China's competition are real threats.","The Risks are Underappreciated: Apple diversification, Intel's resurgence, and China's competition are real threats.",false,NONE,medium,,Generic competitive risk narrative; no specific canonical Alpha causal mechanism materially present
holdout5-178,TSM,bull_researcher,"They're going to diversify.""","They're going to diversify.""",false,NONE,high,,Vague diversification statement with no context or canonical Alpha mechanism
holdout5-179,TSM,bull_researcher,"The MACD histogram is contracting, signaling the momentum is turning.","The MACD histogram is contracting, signaling the momentum is turning.",false,NONE,high,,MACD histogram contraction is technical momentum only; no canonical Alpha mechanism
holdout5-180,TSM,bull_researcher,Morgan Stanley is telling you to buy this dip.,Morgan Stanley is telling you to buy this dip.,false,NONE,high,,Analyst buy recommendation only; no canonical Alpha causal mechanism stated
holdout5-181,TSM,bull_researcher,Bull: Trailing earnings are backward-looking.,Bull: Trailing earnings are backward-looking.,false,NONE,high,,Generic statement about valuation methodology; no canonical Alpha mechanism expressed
holdout5-182,TSM,bull_researcher,The 'falling knife' you see is actually a coiled spring.,The 'falling knife' you see is actually a coiled spring.,false,NONE,high,,Generic bullish metaphor; no canonical Alpha causal mechanism present
holdout5-183,TSM,conservative_risk_analyst,"At that rate, the PEG jumps to 1.5-2.0, and the stock is no longer ""cheap."" We are being asked to pay a premium valuation based on peak growth rates that have no historical precedent of persistence.","At that rate, the PEG jumps to 1.5-2.0, and the stock is no longer ""cheap."" We are being asked to pay a premium valuation based on peak growth rates that have no historical precedent of persistence.",true,A304,high,supports_alpha,PEG 1.5-2.0 signals premium valuation at peak growth; directly supports multiple compression risk thesis
holdout5-184,TSM,conservative_risk_analyst,"The Aggressive Analyst cites ""retail 100% bullish on labeled messages"" as a positive.","The Aggressive Analyst cites ""retail 100% bullish on labeled messages"" as a positive.",true,A601,medium,mentions_alpha,100% retail bullish sentiment cited as signal; references crowded positioning and attention-driven flows mechanism
holdout5-185,TSM,conservative_risk_analyst,"The forward P/E of 18.6x is an estimate, not a fact.","The forward P/E of 18.6x is an estimate, not a fact.",false,NONE,high,,Generic observation about estimate uncertainty; no canonical Alpha mechanism materially expressed
holdout5-186,TSM,conservative_risk_analyst,The cost of being wrong is a double-digit drawdown.,The cost of being wrong is a double-digit drawdown.,false,NONE,high,,Generic risk statement about downside; no specific canonical Alpha causal mechanism present
holdout5-187,TSM,fundamental_agent,Analysis Date: 2026-08-03 Company: Taiwan Semiconductor Manufacturing Company Limited Sector/Industry: Technology / Semiconductors Exchange: NYQ (NYSE ADR) Ticker: TSM,Analysis Date: 2026-08-03 Company: Taiwan Semiconductor Manufacturing Company Limited Sector/Industry: Technology / Semiconductors Exchange: NYQ (NYSE ADR) Ticker: TSM,false,NONE,high,,Pure metadata/header; no economic or causal mechanism expressed
holdout5-188,TSM,market_agent,"The VWMA has been declining in line with the pullback, confirming that the recent selling was accompanied by meaningful volume.","The VWMA has been declining in line with the pullback, confirming that the recent selling was accompanied by meaningful volume.",false,NONE,high,,Technical VWMA indicator only; no canonical Alpha causal mechanism present
holdout5-189,TSM,market_agent,Indicator: macd; Why Selected: Identifies momentum trend and potential bullish crossover setup,Indicator: macd; Why Selected: Identifies momentum trend and potential bullish crossover setup,false,NONE,high,,MACD indicator selection only; technical momentum with no canonical Alpha mechanism
holdout5-190,TSM,market_agent,Key invalidation: A decisive break below $374.67 (recent low) and especially below the 200-day SMA ($356.54) would negate the bullish thesis.,Key invalidation: A decisive break below $374.67 (recent low) and especially below the 200-day SMA ($356.54) would negate the bullish thesis.,false,NONE,high,,Technical support/SMA invalidation levels only; no canonical Alpha causal mechanism expressed
holdout5-191,TSM,neutral_risk_analyst,This is not asymmetric risk-reward; it is a coin flip.,This is not asymmetric risk-reward; it is a coin flip.,false,NONE,high,,Generic risk-reward characterization; no canonical Alpha mechanism expressed.
holdout5-192,TSM,neutral_risk_analyst,"It is a fundamentally exceptional company caught in a genuine technical and macro crosscurrent, and the disciplined response is to respect that tension rather than pretend it doesn't exist.","It is a fundamentally exceptional company caught in a genuine technical and macro crosscurrent, and the disciplined response is to respect that tension rather than pretend it doesn't exist.",false,NONE,high,,Generic tension acknowledgment; no specific causal Alpha mechanism present.
holdout5-193,TSM,news_agent,This represents a potential long-term threat to TSM's largest customer relationship.,This represents a potential long-term threat to TSM's largest customer relationship.,false,NONE,medium,,Vague threat to customer relationship; no specific Alpha mechanism identifiable without context.
holdout5-194,TSM,research_manager,The bull makes a very strong fundamental case.,The bull makes a very strong fundamental case.,false,NONE,high,,Generic bullish characterization; no specific causal Alpha mechanism expressed.
holdout5-195,TSM,sentiment_agent,Intel-over-TSMC debate: 24/7 Wall St.,Intel-over-TSMC debate: 24/7 Wall St.,false,NONE,high,,Mere topic label; no substantive Alpha mechanism expressed.
holdout5-196,TSM,sentiment_agent,"AI trade caution: Bloomberg's ""AI Isn't a Catch-All Trade"" warns that not all AI trades are equal this earnings season — a sector-wide caution flag.","AI trade caution: Bloomberg's ""AI Isn't a Catch-All Trade"" warns that not all AI trades are equal this earnings season — a sector-wide caution flag.",true,A601,medium,mentions_alpha,Warns not all AI trades equal this season; addresses narrative/theme differentiation without clear directional stance.
holdout5-197,TSM,sentiment_agent,Both sources point to the same core narrative.,Both sources point to the same core narrative.,false,NONE,high,,Vague reference to 'same core narrative'; no substantive Alpha mechanism expressed.
holdout5-198,TSM,sentiment_agent,"This mismatch suggests retail may be leaning into the AI thesis more aggressively than institutional framing, which is a mild contrarian flag — retail could be chasing while institutions hedge.","This mismatch suggests retail may be leaning into the AI thesis more aggressively than institutional framing, which is a mild contrarian flag — retail could be chasing while institutions hedge.",true,A601,high,mentions_alpha,Retail chasing AI thesis vs institutional hedging directly expresses narrative momentum and crowded positioning dynamic.
holdout5-199,TSM,sentiment_agent,Potential return to all-time high (stock 15% below it).,Potential return to all-time high (stock 15% below it).,false,NONE,high,,Technical price target observation only; no canonical Alpha mechanism present.
holdout5-200,TSM,sentiment_agent,"""Buying Intel Over TSMC Isn't as Crazy...""","""Buying Intel Over TSMC Isn't as Crazy...""",false,NONE,high,,Headline fragment only; no substantive Alpha mechanism expressed.
