source,target,edge_type,before_claim_ids,before_alpha_ids,after_source_claim_ids,after_relation_ids_count,after_lineage_statuses,after_alpha_ids,after_alpha_link_reason_codes,extraction_methods
ai_capex,ai_demand,supportive,e434f80b-e4d0-4b09-9471-d84532659de5:news_agent:news_report:claim:54,,e434f80b-e4d0-4b09-9471-d84532659de5:news_agent:news_report:claim:54,0,,,NO_COMMITTED_ALPHA_MATCH,deterministic_rules
ai_capex,gpu_demand,causal,canrel_190605b4e2cfcc56;canrel_4b6f14a5ae65562d;canrel_cca96cef0f0004b4;canrel_e5c437f73f209ac8;canrel_f03d82b655b2d07c,,e434f80b-e4d0-4b09-9471-d84532659de5:aggressive_risk_analyst:risk_debate_state.aggressive_history:claim:31;e434f80b-e4d0-4b09-9471-d84532659de5:bull_researcher:investment_debate_state.bull_history:claim:18;e434f80b-e4d0-4b09-9471-d84532659de5:fundamental_agent:fundamentals_report:claim:84;e434f80b-e4d0-4b09-9471-d84532659de5:neutral_risk_analyst:risk_debate_state.neutral_history:claim:40;e434f80b-e4d0-4b09-9471-d84532659de5:news_agent:news_report:claim:14,5,resolved,A103,,tradingagents_canonical_output
ai_capex,nvda_revenue_growth,supportive,canrel_ac02a10ac4419b35,,e434f80b-e4d0-4b09-9471-d84532659de5:news_agent:news_report:claim:15,1,resolved,A101,,tradingagents_canonical_output
gpu_demand,nvda_revenue_growth,causal,canrel_1841def75a093e5d;canrel_cacdbe752c5c6634,,e434f80b-e4d0-4b09-9471-d84532659de5:aggressive_risk_analyst:risk_debate_state.aggressive_history:claim:18;e434f80b-e4d0-4b09-9471-d84532659de5:fundamental_agent:fundamentals_report:claim:85,2,resolved,A101,,tradingagents_canonical_output
narrative_momentum,gpu_demand,supportive,canrel_b581bf612cb3e457,,e434f80b-e4d0-4b09-9471-d84532659de5:news_agent:news_report:claim:18,1,resolved,,NO_COMMITTED_ALPHA_MATCH,tradingagents_canonical_output
rate_cut_cycle,valuation_risk,conflicting,canrel_10cd8c5ab1e1f1f7;canrel_81f4225240977860;canrel_94c8bdccde53ee3c;canrel_95c4e78639df24ea,,e434f80b-e4d0-4b09-9471-d84532659de5:bear_researcher:investment_debate_state.bear_history:claim:56;e434f80b-e4d0-4b09-9471-d84532659de5:conservative_risk_analyst:risk_debate_state.conservative_history:claim:29;e434f80b-e4d0-4b09-9471-d84532659de5:neutral_risk_analyst:risk_debate_state.neutral_history:claim:9;e434f80b-e4d0-4b09-9471-d84532659de5:news_agent:news_report:claim:23,4,resolved,A001,,tradingagents_canonical_output
recession_risk,nvda_revenue_growth,conflicting,canrel_8b7a98b04ebc55a1,,e434f80b-e4d0-4b09-9471-d84532659de5:bear_researcher:investment_debate_state.bear_history:claim:40,1,resolved,,NO_COMMITTED_ALPHA_MATCH,tradingagents_canonical_output
semiconductor_cycle,gpu_demand,supportive,canrel_765054e3df12441d;canrel_f1560131be4f4887,,e434f80b-e4d0-4b09-9471-d84532659de5:aggressive_risk_analyst:risk_debate_state.aggressive_history:claim:38;e434f80b-e4d0-4b09-9471-d84532659de5:bull_researcher:investment_debate_state.bull_history:claim:32,2,resolved,A201,,tradingagents_canonical_output
valuation_risk,nvda_revenue_growth,conflicting,canrel_31d26c26a7b08ebd;canrel_569bdeb326b45b0b;canrel_8bcd143ed9136df4;canrel_b403a4020a72cee9,,e434f80b-e4d0-4b09-9471-d84532659de5:aggressive_risk_analyst:risk_debate_state.aggressive_history:claim:24;e434f80b-e4d0-4b09-9471-d84532659de5:bear_researcher:investment_debate_state.bear_history:claim:11;e434f80b-e4d0-4b09-9471-d84532659de5:conservative_risk_analyst:risk_debate_state.conservative_history:claim:19;e434f80b-e4d0-4b09-9471-d84532659de5:fundamental_agent:fundamentals_report:claim:90,4,resolved,A304,,tradingagents_canonical_output
