alpha_id,dedup_group_id,canonical_evidence_text,duplicate_type,member_count,unique_agent_count,member_claim_ids,member_agents,counted_as_evidence_facts,counted_as_agent_agreement
A003,group:dupgroup_80e476cca07f,Category: Balance Sheet; Metric: Current Ratio; Value: 3.44; Assessment: Strong liquidity,semantic_group_activation_v2,1,1,e434f80b-e4d0-4b09-9471-d84532659de5:fundamental_agent:fundamentals_report:claim:118,fundamental_agent,1,1
A101,group:dupgroup_eab2d90f3b94,A strong economy is what drives the AI capex cycle.,semantic_group_activation_v2,1,1,e434f80b-e4d0-4b09-9471-d84532659de5:aggressive_risk_analyst:risk_debate_state.aggressive_history:claim:29,aggressive_risk_analyst,1,1
A101,group:dupgroup_d9c05dec2790,NVIDIA Corporation is the world's leading designer of graphics processing units (GPUs) and accelerated computing platforms.,semantic_group_activation_v2,1,1,e434f80b-e4d0-4b09-9471-d84532659de5:fundamental_agent:fundamentals_report:claim:2,fundamental_agent,1,1
A101,group:dupgroup_f1a9e2104997,"Data Center Dominance: The data center segment is the primary growth engine, with revenue scaling rapidly as AI training and inference workloads expand.",semantic_group_activation_v2,1,1,e434f80b-e4d0-4b09-9471-d84532659de5:fundamental_agent:fundamentals_report:claim:85,fundamental_agent,1,1
A101,group:dupgroup_61156640778a,"The fact that Microsoft's massive AI investment is now translating into accelerated Azure growth validates the ROI of AI infrastructure spending, supporting the sustainability of the capex cycle.",semantic_group_activation_v2,1,1,e434f80b-e4d0-4b09-9471-d84532659de5:news_agent:news_report:claim:15,news_agent,1,1
A101,group:dupgroup_c77f277f9525,"Hyperscaler AI capex is accelerating and validating (Microsoft $41B, Azure growth acceleration).",semantic_group_activation_v2,1,1,e434f80b-e4d0-4b09-9471-d84532659de5:news_agent:news_report:claim:43,news_agent,1,1
A101,group:dupgroup_4f419d9599c0,"Several cite the accelerating AI capex from Microsoft, Meta, and Amazon earnings as confirmation that ""AI capex is accelerating and no signs of slowing down."" There is notable attention on Michael Bur",semantic_group_activation_v2,1,1,e434f80b-e4d0-4b09-9471-d84532659de5:sentiment_agent:sentiment_report:claim:13,sentiment_agent,1,1
A101,group:dupgroup_0582d5b1a78a,"Signal: AI capex acceleration; Direction: Bullish; Source: News + StockTwits; Supporting Evidence: Microsoft $41B spend; ""AI capex is accelerating and no signs of slowing down""",semantic_group_activation_v2,1,1,e434f80b-e4d0-4b09-9471-d84532659de5:sentiment_agent:sentiment_report:claim:44,sentiment_agent,1,1
A102,group:dupgroup_5120150b1d00,"Inference Demand: As AI models move from training to inference at scale, demand for inference-optimized accelerators is expected to grow substantially.",semantic_group_activation_v2,1,1,e434f80b-e4d0-4b09-9471-d84532659de5:fundamental_agent:fundamentals_report:claim:88,fundamental_agent,1,1
A103,group:dupgroup_7f3bf4a65e48,"Its CUDA software ecosystem creates a powerful moat, and its data center segment now drives the overwhelming majority of revenue and profit.",semantic_group_activation_v2,1,1,e434f80b-e4d0-4b09-9471-d84532659de5:fundamental_agent:fundamentals_report:claim:4,fundamental_agent,1,1
A103,group:dupgroup_29e6aa67a885,"AI Infrastructure Buildout: Hyperscaler and enterprise AI capital spending continues to accelerate, driving demand for NVIDIA's data center GPUs and full-stack platforms.",semantic_group_activation_v2,1,1,e434f80b-e4d0-4b09-9471-d84532659de5:fundamental_agent:fundamentals_report:claim:84,fundamental_agent,1,1
A103,group:dupgroup_07348c5ab142,"Sticky-but-cooling inflation supports the ""no cuts"" Fed stance.",semantic_group_activation_v2,1,1,e434f80b-e4d0-4b09-9471-d84532659de5:news_agent:news_report:claim:29,news_agent,1,1
A201,group:dupgroup_932158949106,If even one of them pauses or delays their capex cycle—which has happened before in every semiconductor cycle in history—the impact on NVDA's revenue would be devastating.,semantic_group_activation_v2,1,1,e434f80b-e4d0-4b09-9471-d84532659de5:bear_researcher:investment_debate_state.bear_history:claim:37,bear_researcher,1,1
A201,group:dupgroup_302df341f991,"On the AI bubble, you cite the Kospi surge and record memory demand as proof of a ""buildout."" I counter with the fact that NVDA stock is down 4% after Jensen Huang personally addressed investor concer",semantic_group_activation_v2,1,1,e434f80b-e4d0-4b09-9471-d84532659de5:conservative_risk_analyst:risk_debate_state.conservative_history:claim:31,conservative_risk_analyst,1,1
A201,group:dupgroup_858328a01bb6,South Korea's Kospi jumped >16% on a surge of chipmaking stocks — a strong global signal of continued semiconductor demand and positive sentiment toward the chip complex.,semantic_group_activation_v2,1,1,e434f80b-e4d0-4b09-9471-d84532659de5:news_agent:news_report:claim:37,news_agent,1,1
A201,group:dupgroup_35fbabeba7e3,Global chip demand strong (Kospi +16%).,semantic_group_activation_v2,1,1,e434f80b-e4d0-4b09-9471-d84532659de5:news_agent:news_report:claim:46,news_agent,1,1
A201,group:dupgroup_9d25e1c35d6b,And the concentration risk on a handful of hyperscaler customers is real; every semiconductor cycle in history has seen capex pauses.,semantic_group_activation_v2,1,1,e434f80b-e4d0-4b09-9471-d84532659de5:research_manager:investment_plan:claim:12,research_manager,1,1
A201,group:dupgroup_82956da65ce1,"Memory / semiconductor cycle strength — SK Hynix, Samsung, and the SK Hynix-NVDA partnership point to a healthy memory cycle supporting the broader chip complex.",semantic_group_activation_v2,1,1,e434f80b-e4d0-4b09-9471-d84532659de5:sentiment_agent:sentiment_report:claim:34,sentiment_agent,1,1
A301,group:dupgroup_4ff56b7d110d,"And NVDA, at 15 times forward earnings with 85% revenue growth, is the single best vehicle to do that.",semantic_group_activation_v2,1,1,e434f80b-e4d0-4b09-9471-d84532659de5:aggressive_risk_analyst:risk_debate_state.aggressive_history:claim:52,aggressive_risk_analyst,1,1
A301,group:dupgroup_e217375ec256,"The bull case is built on what has happened: 85% revenue growth, 75% gross margins, and massive free cash flow.",semantic_group_activation_v2,1,1,e434f80b-e4d0-4b09-9471-d84532659de5:bear_researcher:investment_debate_state.bear_history:claim:52,bear_researcher,1,1
A301,group:dupgroup_75e72da5fc86,"The bull case is built on what is happening: 85% revenue growth, 75% gross margins, $96.7 billion in annual free cash flow, and a forward PE of 15.",semantic_group_activation_v2,1,1,e434f80b-e4d0-4b09-9471-d84532659de5:bull_researcher:investment_debate_state.bull_history:claim:38,bull_researcher,1,1
A301,group:dupgroup_6e193ad3f727,"The combination of accelerating revenue growth, expanding margins, massive FCF, and a reasonable forward valuation (PEG 0.52) suggests NVIDIA remains a core holding in any AI-focused portfolio.",semantic_group_activation_v2,1,1,e434f80b-e4d0-4b09-9471-d84532659de5:fundamental_agent:fundamentals_report:claim:103,fundamental_agent,1,1
A301,group:dupgroup_e93c953d018d,Explosive sequential revenue growth: Revenue grew from $44.06B in Q1 FY25 to $81.62B in Q1 FY26 — an 85% year-over-year increase.,semantic_group_activation_v2,1,1,e434f80b-e4d0-4b09-9471-d84532659de5:fundamental_agent:fundamentals_report:claim:20,fundamental_agent,1,1
A301,group:dupgroup_1a4ff2fbbaeb,"Inventory build: Inventory rose to $25.80B, reflecting NVIDIA's strategy of securing supply chain capacity and building buffer stock for AI accelerators amid strong demand.",semantic_group_activation_v2,1,1,e434f80b-e4d0-4b09-9471-d84532659de5:fundamental_agent:fundamentals_report:claim:44,fundamental_agent,1,1
A301,group:dupgroup_8ffac3968686,Geopolitical: Export controls on advanced chips to China could limit addressable market.,semantic_group_activation_v2,1,1,e434f80b-e4d0-4b09-9471-d84532659de5:fundamental_agent:fundamentals_report:claim:94,fundamental_agent,1,1
A301,group:dupgroup_491ece51b390,Theme: Hyperscaler AI CapEx; Evidence: Microsoft $41B AI spend; Azure growth accelerated; Implication for NVDA: Bullish — validates GPU demand engine,semantic_group_activation_v2,1,1,e434f80b-e4d0-4b09-9471-d84532659de5:news_agent:news_report:claim:58,news_agent,1,1
A301,group:dupgroup_5d93bafdc1ab,85% revenue growth) is a legitimate yellow flag that the Neutral Analyst correctly refuses to wave away.,semantic_group_activation_v2,1,1,e434f80b-e4d0-4b09-9471-d84532659de5:portfolio_manager:final_trade_decision:claim:12,portfolio_manager,1,1
A301,group:dupgroup_376b6479301a,"Watch the inventory build ($25.80 billion) and receivables ($40.71 billion) in the next earnings report—if inventory continues to outpace revenue growth, treat it as a caution flag and reassess the ov",semantic_group_activation_v2,1,1,e434f80b-e4d0-4b09-9471-d84532659de5:research_manager:investment_plan:claim:24,research_manager,1,1
A301,group:dupgroup_4c6f3139ac28,Upcoming NVDA earnings (referenced as 8/26) — retail expects a strong beat-and-raise.,semantic_group_activation_v2,1,1,e434f80b-e4d0-4b09-9471-d84532659de5:sentiment_agent:sentiment_report:claim:36,sentiment_agent,1,1
A304,group:dupgroup_374f6eebc709,"On the ""Valuation Risk"" and ""Priced for Perfection"" Argument",semantic_group_activation_v2,1,1,e434f80b-e4d0-4b09-9471-d84532659de5:aggressive_risk_analyst:risk_debate_state.aggressive_history:claim:14,aggressive_risk_analyst,1,1
A304,group:dupgroup_95b846cb9960,"The ""valuation risk"" argument is a lazy heuristic that ignores the actual numbers.",semantic_group_activation_v2,1,1,e434f80b-e4d0-4b09-9471-d84532659de5:aggressive_risk_analyst:risk_debate_state.aggressive_history:claim:23,aggressive_risk_analyst,1,1
A304,group:dupgroup_e63ed41fa1a9,"To the Aggressive Analyst: On ""Valuation Risk""",semantic_group_activation_v2,1,1,e434f80b-e4d0-4b09-9471-d84532659de5:conservative_risk_analyst:risk_debate_state.conservative_history:claim:16,conservative_risk_analyst,1,1
A304,group:dupgroup_e399cb61d906,This gives the position room to breathe while still capping downside risk.,semantic_group_activation_v2,1,1,e434f80b-e4d0-4b09-9471-d84532659de5:conservative_risk_analyst:risk_debate_state.conservative_history:claim:53,conservative_risk_analyst,1,1
A304,group:dupgroup_0cadaf1fd11e,"However, the stock carries meaningful valuation risk given its $4.7T market cap and the concentration of demand in a few hyperscaler customers.",semantic_group_activation_v2,1,1,e434f80b-e4d0-4b09-9471-d84532659de5:fundamental_agent:fundamentals_report:claim:100,fundamental_agent,1,1
A304,group:dupgroup_d4b5a2ebd38a,Category: Risk; Metric: Valuation Risk; Value: High; Assessment: Priced for perfection,semantic_group_activation_v2,1,1,e434f80b-e4d0-4b09-9471-d84532659de5:fundamental_agent:fundamentals_report:claim:124,fundamental_agent,1,1
A304,group:dupgroup_fb85982b535e,"Valuation Risk: At $4.7 trillion market cap, NVIDIA is priced for continued perfection.",semantic_group_activation_v2,1,1,e434f80b-e4d0-4b09-9471-d84532659de5:fundamental_agent:fundamentals_report:claim:89,fundamental_agent,1,1
A304,group:dupgroup_9627844d15f8,Any slowdown in AI spending could trigger significant multiple compression.,semantic_group_activation_v2,1,1,e434f80b-e4d0-4b09-9471-d84532659de5:fundamental_agent:fundamentals_report:claim:90,fundamental_agent,1,1
A304,group:dupgroup_1a55556c46ec,Elevated valuation leaves NVDA exposed to multiple compression.,semantic_group_activation_v2,1,1,e434f80b-e4d0-4b09-9471-d84532659de5:news_agent:news_report:claim:52,news_agent,1,1
A304,group:dupgroup_528d9f104f52,"The market is pricing a ""no rate cuts in 2026"" base case (89%), a low US recession probability (12%), and a modest 20% chance of an AI bubble burst — a backdrop that is broadly supportive of growth/te",semantic_group_activation_v2,1,1,e434f80b-e4d0-4b09-9471-d84532659de5:news_agent:news_report:claim:7,news_agent,1,1
A304,group:dupgroup_5cf29de6c2d9,"Valuation risk implicit in the ""priced for perfection"" framing of AI leaders.",semantic_group_activation_v2,1,1,e434f80b-e4d0-4b09-9471-d84532659de5:sentiment_agent:sentiment_report:claim:43,sentiment_agent,1,1
A501,group:dupgroup_d7a13bdc388b,Low US recession risk (12%) supports growth equities.,semantic_group_activation_v2,1,1,e434f80b-e4d0-4b09-9471-d84532659de5:news_agent:news_report:claim:45,news_agent,1,1
A601,group:dupgroup_3a0fe101b4b8,"The fact that retail sentiment is at an 88/12 bullish ratio—with StockTwits users calling the stock ""stupid cheap""—is precisely the kind of crowded trade that precedes sharp reversals.",semantic_group_activation_v2,1,1,e434f80b-e4d0-4b09-9471-d84532659de5:bear_researcher:investment_debate_state.bear_history:claim:19,bear_researcher,1,1
A601,group:dupgroup_c45baefc40b3,"A Zacks analysis frames the recent chip-stock selloff as a buying opportunity in NVDA and Micron, arguing that ""the long-term demand drivers supporting advanced GPUs and AI memory solutions remain fir",semantic_group_activation_v2,1,1,e434f80b-e4d0-4b09-9471-d84532659de5:news_agent:news_report:claim:12,news_agent,1,1
A601,group:dupgroup_70578fb36c5c,"NVDA enters the final days of July 2026 in a state of constructive tension: the long-term AI demand narrative remains firmly intact (hyperscaler capex is accelerating, CEO Jensen Huang is actively def",semantic_group_activation_v2,1,1,e434f80b-e4d0-4b09-9471-d84532659de5:news_agent:news_report:claim:6,news_agent,1,1
A601,group:dupgroup_398da7473501,Overall Sentiment: Mildly Bullish (Score: 6.2/10) Confidence: Medium,semantic_group_activation_v2,1,1,e434f80b-e4d0-4b09-9471-d84532659de5:sentiment_agent:sentiment_report:claim:1,sentiment_agent,1,1
A601,group:dupgroup_dc2378cbf02d,"Alignment: All three sources converge on the same dominant narrative — the long-term AI demand / AI capex thesis is intact, and near-term price weakness is viewed as a buying opportunity rather than a",semantic_group_activation_v2,1,1,e434f80b-e4d0-4b09-9471-d84532659de5:sentiment_agent:sentiment_report:claim:25,sentiment_agent,1,1
A601,group:dupgroup_1a71c616d013,"The Burry-short narrative appears in both StockTwits and WSB, but is overwhelmingly dismissed by retail — a contrarian flag worth noting, since Burry's positioning (puts into Dec 2026/Jan 2027) sugges",semantic_group_activation_v2,1,1,e434f80b-e4d0-4b09-9471-d84532659de5:sentiment_agent:sentiment_report:claim:30,sentiment_agent,1,1
A601,group:dupgroup_8cd69c6e9314,The sentiment picture for NVDA is Mildly Bullish.,semantic_group_activation_v2,1,1,e434f80b-e4d0-4b09-9471-d84532659de5:sentiment_agent:sentiment_report:claim:51,sentiment_agent,1,1
A601,group:dupgroup_1fb1859f6435,"Retail and community sentiment are strongly constructive, anchored on an intact AI-capex demand thesis and a buy-the-dip stance ahead of earnings.",semantic_group_activation_v2,1,1,e434f80b-e4d0-4b09-9471-d84532659de5:sentiment_agent:sentiment_report:claim:52,sentiment_agent,1,1
A601,group:dupgroup_37e08d2db809,Retail sentiment is strongly bullish.,semantic_group_activation_v2,1,1,e434f80b-e4d0-4b09-9471-d84532659de5:sentiment_agent:sentiment_report:claim:9,sentiment_agent,1,1
